Metric,Score
Accuracy,0.9106145251396648
Precision,0.911070438018601
Recall,0.9106145251396648
F1,0.910731581449017
