Metric,Score
Inertia,24545.741531154734
Silhouette Score,0.05133070449448622
Calinski-Harabasz Index,1291.2021693978536
Davies-Bouldin Index,2.599733070428589
